I,I,I,I,I,I,I,I,I,I,I,I,I,I,I,I,I,I,I,I,I,U,U,U,U,U,U,U,U,J,L,L,L,L,A,A,A,A,A,A,M,M,M,A,U,U,U,U,P,P,X,P,Z,Z,Z,Z,Z,Z,Z,Z,Z,Z,Z,X,X,X,X,X,X,X,X,X,X,X,X,X,X,X,X,X,X,X,X,X,F,F,F,F,F,F,F,F,F,F,Z,Z,Z,Z,Z,Z,Z,Z,Z,T,T,T,T,T,T,T,V,V,V,V,V,V,V,V,V,V,P,V,R,R,R,R,R,J,O,Y,O,O,O,O,O,O,O,O,O,O
I,I,I,I,I,I,I,I,I,I,I,I,I,I,I,I,I,I,I,I,U,U,U,U,U,U,U,U,U,J,A,L,E,A,A,A,A,A,A,A,A,A,A,A,A,U,U,U,U,P,X,P,P,Z,Z,Z,Z,Z,H,H,H,H,H,H,X,H,X,X,X,X,X,X,X,X,X,X,X,X,X,X,X,X,X,X,F,X,F,F,F,F,F,F,F,F,Z,Z,Z,Z,Z,Z,Z,Z,Z,T,T,T,T,T,T,T,T,V,V,V,V,V,V,V,V,V,V,V,R,R,R,S,R,R,O,O,O,O,O,O,O,O,O,O,O,O
I,I,I,I,I,I,I,I,I,I,I,I,I,I,I,I,I,I,I,I,U,U,U,U,U,U,U,U,U,J,A,A,A,A,A,A,A,A,A,A,A,A,A,A,U,U,P,P,P,P,P,P,P,Z,Z,Z,Z,Z,Z,Z,H,H,H,H,H,H,H,X,X,X,X,X,X,X,X,X,X,X,X,X,X,X,X,X,X,X,F,F,F,F,F,F,F,F,F,Z,Z,Z,Z,Z,Z,Z,T,T,T,T,T,T,T,T,T,V,V,V,V,V,V,V,V,V,V,V,R,R,S,S,K,K,O,O,O,O,O,O,O,O,O,O,O,O
I,I,I,I,I,I,I,I,I,I,I,A,A,I,I,I,I,I,I,I,I,I,U,U,U,U,U,U,U,J,J,A,A,A,A,A,A,A,A,A,A,A,A,A,A,V,V,P,P,P,P,P,P,P,P,Z,H,H,H,H,H,H,H,H,H,H,H,X,X,X,X,X,X,X,X,X,X,X,X,X,X,X,X,X,F,F,F,F,F,F,F,F,F,F,F,Z,Z,Z,Z,Z,Z,Z,T,T,T,T,T,T,T,T,V,V,V,V,V,V,V,V,K,V,V,V,V,D,S,S,S,S,O,O,O,O,O,O,O,O,O,O,O,O
I,O,O,I,I,I,I,I,I,I,I,A,A,I,I,I,I,I,I,I,I,I,I,U,U,U,Q,V,U,J,J,A,A,A,A,A,A,A,A,A,A,A,A,A,E,V,V,Z,P,P,P,P,P,P,P,H,H,H,H,H,H,H,H,H,H,H,H,X,X,X,X,X,X,X,X,X,X,X,X,X,X,X,X,X,X,X,X,F,F,F,F,F,F,L,L,L,L,A,L,L,L,L,T,T,T,T,T,T,T,T,V,V,V,V,V,V,V,V,V,V,V,V,V,V,S,S,S,S,O,O,O,O,O,O,O,O,O,O,O,O
O,O,O,O,O,O,O,O,I,I,A,A,A,A,A,I,I,I,I,I,I,I,I,U,Q,Q,Q,Q,V,Q,J,A,A,A,A,A,A,A,A,A,A,A,A,A,A,V,V,P,P,P,P,P,I,I,H,H,H,H,H,H,H,H,H,H,H,H,H,X,X,X,X,X,U,X,X,X,X,X,X,U,U,X,X,B,B,B,S,F,F,F,L,L,L,L,L,L,L,L,L,L,L,L,L,L,T,T,T,T,T,T,V,V,V,V,V,V,V,V,V,V,V,V,V,C,C,S,S,S,S,S,O,O,O,O,O,O,O,O,O,O
O,O,O,O,O,O,O,O,I,A,A,A,A,A,A,I,I,I,I,I,I,Q,Q,Q,Q,Q,Q,Q,Q,Q,Q,Q,E,A,D,D,A,A,A,A,A,A,A,A,H,H,V,V,P,P,P,I,I,I,I,H,H,H,H,H,H,H,H,H,H,H,H,H,X,X,X,U,U,U,U,U,X,X,U,U,U,X,X,B,B,B,S,F,F,F,L,L,E,L,L,L,L,L,L,L,L,L,L,T,T,T,T,T,T,T,V,V,V,V,V,V,V,V,V,V,V,F,V,C,C,C,Y,S,S,J,J,V,O,O,O,O,O,O,O,O
O,O,O,O,O,O,O,O,I,I,I,A,A,I,I,I,I,I,Q,Q,Q,Q,Q,Q,Q,Q,Q,Q,T,Q,J,Q,E,E,D,D,D,A,A,A,A,A,A,H,H,V,V,V,V,P,I,I,I,I,I,H,H,H,H,H,H,H,H,H,H,H,H,H,X,U,U,U,U,U,U,U,U,U,U,U,M,M,X,B,B,B,S,S,S,F,F,F,L,L,L,L,L,L,L,L,L,L,L,L,T,T,T,T,T,T,T,W,V,V,V,V,V,V,V,V,V,V,V,S,Y,Y,Y,Y,S,J,J,V,O,O,O,O,O,O,O,S
O,O,O,O,O,W,W,I,I,I,I,I,I,I,I,I,I,I,Q,Q,Q,Q,Q,Q,Q,Q,Q,Q,T,Q,J,D,D,D,D,D,D,A,A,A,H,A,H,H,H,H,V,V,I,I,I,I,I,I,I,H,I,I,I,H,H,H,H,H,H,H,H,H,U,U,U,U,U,U,U,U,U,U,U,U,M,M,S,S,B,B,S,S,S,S,F,F,F,L,L,L,L,L,L,L,L,L,L,L,T,T,T,T,T,T,T,W,V,V,V,V,V,V,V,V,V,V,Z,S,H,Y,Y,Y,S,S,J,J,O,O,O,O,O,O,O,S
O,O,O,O,O,E,W,I,I,I,I,I,I,I,I,D,I,I,I,Q,Q,Q,Q,Q,Q,Q,Q,Q,Q,Q,D,D,D,D,D,D,D,D,A,H,H,H,H,H,H,H,V,H,I,I,I,I,I,I,I,I,I,I,I,H,H,H,H,H,H,H,H,H,U,U,U,U,U,U,U,U,U,U,U,U,M,M,M,S,S,S,S,S,S,L,F,L,F,L,L,L,L,L,L,L,L,L,L,L,T,T,T,T,T,T,W,W,W,W,V,V,V,V,V,U,V,U,S,S,S,Y,S,S,S,J,J,J,J,S,S,S,S,O,S,S
O,O,O,W,O,W,W,I,I,I,D,D,D,I,D,D,D,D,I,Q,Q,Q,Q,Q,Q,Q,Q,Q,Q,Q,Q,J,D,D,D,D,D,D,A,H,H,G,G,H,F,F,V,H,I,I,I,I,I,I,I,I,I,I,I,H,H,H,H,H,H,H,L,H,U,U,U,U,U,U,U,U,U,U,U,M,M,M,S,S,S,S,S,S,S,L,L,L,L,L,L,L,L,L,L,L,L,L,L,T,T,T,T,T,W,W,W,W,W,W,V,V,V,V,V,U,U,U,S,L,S,S,S,S,S,J,J,J,S,S,S,S,S,S,S,S
O,O,W,W,W,W,W,W,D,D,D,D,D,D,D,D,D,Q,Q,Q,Q,Q,Q,Q,Q,Q,Q,Q,Q,Q,Q,D,D,D,D,D,G,G,G,G,G,G,H,H,F,F,H,H,I,I,I,I,I,I,I,I,I,H,H,H,H,H,H,H,H,H,L,L,L,L,L,L,U,U,U,U,U,U,U,M,M,M,I,I,I,S,S,S,S,S,R,R,R,L,L,L,L,L,L,L,L,L,L,T,T,T,T,W,W,W,W,W,W,W,V,V,V,V,V,U,U,L,L,L,S,S,S,S,S,S,S,S,S,S,S,S,S,S,S,S
O,W,W,W,W,W,W,W,K,D,D,D,D,D,D,D,D,Q,Q,Q,Q,Q,Q,Q,Q,Q,Q,Q,Q,Q,N,O,D,D,G,G,G,G,G,G,G,G,G,H,F,F,F,H,H,H,H,I,I,I,I,I,I,H,H,H,H,H,L,L,H,H,L,L,L,L,L,U,U,U,U,U,U,U,U,I,M,I,I,I,I,S,S,S,S,R,R,R,R,R,L,L,L,L,L,L,L,L,L,T,T,T,T,W,W,W,W,W,W,W,V,W,V,V,U,U,U,L,L,L,S,S,S,S,S,Z,S,S,S,S,S,S,S,S,S,S
O,W,W,W,W,W,W,W,W,D,D,D,D,D,D,D,D,Q,Q,N,Q,Q,Q,Q,Q,Q,Q,N,N,N,N,G,G,G,G,G,G,G,G,G,G,G,G,H,H,H,H,H,H,H,I,I,I,I,I,I,I,I,H,H,H,L,L,L,L,L,L,L,L,U,U,U,U,U,U,I,U,U,I,I,I,I,I,I,I,I,S,S,R,R,R,R,R,L,L,L,L,L,L,L,L,L,L,Q,T,T,T,T,W,W,W,W,W,W,W,W,W,V,U,L,L,L,L,L,L,L,S,S,S,Z,S,S,S,S,S,A,A,S,S,S
O,V,V,W,W,W,W,W,W,D,D,D,D,D,D,D,D,N,N,N,Q,N,Q,Q,Q,Q,Q,N,N,N,N,N,G,G,G,G,G,G,G,G,G,G,G,G,Y,H,H,H,H,H,H,I,I,I,I,I,I,I,I,H,L,L,L,L,L,L,L,L,U,U,U,U,U,U,U,I,I,I,I,I,I,I,I,I,I,R,S,S,S,R,R,R,R,R,R,H,L,L,L,Q,Q,Q,Q,Q,T,T,T,W,W,W,W,W,W,W,W,W,W,U,U,U,L,L,L,L,L,L,S,Z,S,Z,S,Z,S,S,S,A,A,S,S,S
O,O,V,W,W,W,D,D,D,D,D,L,L,L,A,D,D,N,N,N,N,N,N,Q,Q,Q,Q,N,N,N,N,N,H,H,G,G,G,G,Q,I,G,G,G,Y,Y,Y,H,H,H,I,I,I,I,I,I,I,I,I,L,H,L,L,L,L,L,L,L,L,L,L,U,U,U,U,U,I,I,I,I,I,I,I,I,I,I,R,R,R,R,R,R,R,R,R,R,R,L,L,Y,D,Q,Q,Q,T,T,T,W,W,W,W,W,W,W,W,W,W,U,U,L,L,L,L,L,L,L,L,L,Z,Z,Z,S,Z,S,A,A,A,S,S,S,S
O,O,O,O,W,W,W,D,D,D,D,L,L,L,L,D,N,N,N,N,N,N,N,N,Q,Q,N,N,N,N,I,I,I,I,G,G,I,I,I,I,R,G,Y,Y,Y,H,H,H,H,H,H,I,H,H,H,I,I,L,L,L,L,L,L,L,L,L,L,L,L,L,L,U,U,U,U,I,I,I,I,I,I,I,I,I,I,R,R,R,R,R,R,R,R,R,R,R,T,Y,Y,Y,Q,Q,Q,W,W,W,W,W,W,W,W,W,W,W,W,W,U,W,L,C,L,L,L,L,L,L,Z,Z,Z,Z,Z,Z,Z,A,A,A,A,A,S,S
D,O,O,W,W,W,D,D,D,D,D,L,L,L,L,L,L,N,N,N,N,N,N,Q,Q,Q,N,N,N,I,I,I,I,I,G,I,I,I,I,I,I,Y,Y,Y,Y,H,H,H,H,H,H,H,H,H,I,I,I,I,L,L,L,L,L,L,L,L,L,L,L,U,U,U,U,U,U,D,D,I,I,I,I,I,I,I,I,R,R,R,R,R,R,R,R,R,R,Y,Y,Y,Y,Y,Y,Y,Y,D,J,J,W,W,W,W,W,W,W,W,W,W,W,W,C,C,L,L,L,L,L,L,Z,Z,Z,Z,Z,Z,Z,A,A,A,A,A,A,S
D,O,D,W,W,W,D,D,L,L,L,L,L,L,L,L,L,L,L,L,L,N,N,N,N,N,N,I,I,I,I,I,I,I,I,I,I,I,I,I,I,Y,Y,Y,Y,W,H,H,H,C,C,C,H,H,C,C,C,I,C,L,L,L,L,L,L,L,L,L,L,U,U,U,U,U,U,D,I,I,I,I,I,I,I,I,I,I,R,R,R,R,R,R,T,T,R,H,H,H,Y,Y,Y,J,J,J,J,J,J,W,W,W,W,W,W,W,W,W,C,C,C,C,L,L,L,L,L,Z,Z,Z,Z,Z,Z,Z,Z,A,A,A,A,A,A,A
D,D,D,D,W,D,D,D,L,L,L,L,L,L,L,L,L,L,L,L,L,N,N,N,N,N,N,N,I,I,I,I,I,I,I,I,I,I,I,I,H,Y,Y,Y,R,W,H,H,H,C,C,M,C,C,C,C,C,C,C,L,L,L,L,L,L,L,L,L,L,U,U,U,U,U,U,U,I,I,I,I,I,I,H,I,I,I,I,H,R,R,R,R,R,X,X,X,X,H,Y,Y,Y,J,J,J,J,J,J,W,W,W,W,W,W,W,W,W,C,C,C,C,C,C,C,Z,Z,Z,Z,Z,Z,Z,Z,Z,A,A,A,A,A,A,A,A
D,D,D,D,D,D,D,D,D,L,L,L,L,L,L,L,L,L,L,L,L,N,N,N,N,N,N,N,I,I,U,U,I,I,I,I,I,I,I,I,I,Y,Y,W,R,W,H,H,H,C,C,C,C,C,C,C,C,C,L,L,L,L,L,L,L,L,L,U,L,U,U,U,U,U,U,U,U,U,I,I,I,H,H,H,I,H,H,J,Y,Y,Y,R,X,X,X,X,X,X,Y,Y,Y,Y,J,J,J,J,W,W,W,W,W,W,W,W,W,W,T,T,C,C,C,C,C,C,C,G,Z,G,G,Z,A,A,A,A,A,A,A,A,A,A
D,D,D,D,D,D,D,D,D,L,L,L,L,L,L,L,L,L,L,L,N,N,N,N,N,N,N,N,N,N,I,I,I,I,I,I,I,I,I,O,I,F,Y,W,W,W,W,H,H,C,C,C,C,C,C,C,C,C,C,C,L,L,L,L,D,L,D,U,U,U,U,U,U,U,U,U,U,H,H,H,I,H,H,H,H,H,J,J,Y,J,Y,R,Y,Y,X,X,X,X,X,X,Y,Y,X,B,J,J,J,J,F,F,T,T,W,W,W,T,T,T,C,C,C,C,C,G,G,G,G,G,G,G,A,A,A,A,A,A,A,A,A,A
D,D,D,D,D,D,D,D,D,D,L,L,L,L,L,L,L,L,L,L,L,N,N,W,W,N,N,N,N,N,N,N,I,I,I,I,I,I,I,I,I,W,W,W,W,W,W,W,W,C,C,C,C,C,C,C,C,C,C,C,C,L,C,D,D,D,D,U,U,U,U,U,U,U,U,U,U,H,H,H,I,H,H,H,H,J,J,J,J,J,Y,Y,Y,X,X,X,X,X,X,X,X,X,X,J,J,J,O,O,O,F,T,T,T,T,T,T,T,T,T,T,T,T,G,G,G,G,G,G,G,G,A,A,A,A,A,A,A,A,A,A
D,D,D,D,D,D,D,D,D,D,L,L,L,L,L,L,L,L,L,L,L,N,N,W,W,N,G,G,G,G,G,I,I,I,I,I,J,J,I,E,E,W,W,N,W,W,W,W,W,C,C,C,C,C,C,C,C,C,C,C,C,C,C,D,D,D,D,D,D,U,U,U,U,U,U,U,H,H,H,H,H,H,H,H,J,J,J,J,J,R,X,X,X,X,X,X,X,X,X,X,O,X,X,X,X,O,O,O,O,F,F,F,T,T,T,T,T,T,T,T,T,O,G,G,G,G,G,G,G,G,G,A,A,A,A,A,A,A,A,A
D,D,D,D,D,D,D,D,D,D,L,R,L,L,L,L,L,L,L,W,L,W,W,W,W,N,N,G,G,G,G,G,G,G,H,G,J,J,J,W,W,W,W,W,W,W,W,W,W,C,C,C,C,C,C,C,C,C,C,C,C,C,D,D,D,D,D,D,D,D,D,U,U,U,U,U,J,J,H,H,H,H,J,J,J,M,J,J,J,J,X,X,X,X,X,X,X,X,X,X,X,X,X,X,X,O,O,O,O,F,F,O,O,T,T,T,T,T,T,T,T,O,O,G,G,G,G,G,G,G,G,G,A,A,A,G,A,G,A,A
D,D,D,D,D,D,D,D,D,D,L,R,L,L,L,L,L,L,W,W,W,W,W,W,N,N,N,N,N,N,G,G,G,G,H,G,J,J,G,M,M,W,W,W,W,W,W,W,W,W,C,C,C,C,C,C,C,C,C,C,C,C,D,D,D,D,D,D,D,D,D,V,V,U,V,U,U,J,H,H,J,J,J,J,J,J,J,J,J,X,X,X,X,X,X,X,X,X,X,X,X,X,X,X,X,O,O,O,O,O,O,O,T,T,T,T,T,G,T,G,L,G,G,G,G,G,G,G,G,G,C,G,G,A,G,G,G,G,T,A
D,D,D,A,D,D,D,D,D,D,N,L,L,L,L,L,L,L,L,L,W,W,W,W,N,N,N,N,N,G,G,G,G,G,G,G,G,G,G,M,M,M,W,W,W,W,W,W,W,W,W,C,C,C,C,C,C,C,C,C,C,C,D,D,D,D,D,D,D,D,V,V,V,V,V,U,U,J,J,J,J,J,J,J,J,G,J,J,X,X,X,X,X,X,X,X,X,X,X,X,X,X,X,X,X,O,O,O,O,O,O,O,T,T,T,T,T,G,G,G,G,G,G,G,G,G,G,G,G,G,G,G,G,A,A,V,A,T,T,T
D,A,A,A,D,D,D,N,N,N,N,N,L,L,L,L,L,L,L,L,L,W,W,W,N,E,E,N,N,G,G,G,G,G,G,G,G,G,G,M,M,M,M,W,W,W,W,W,W,W,W,W,C,C,C,C,C,C,C,C,C,C,C,D,D,D,D,D,D,D,D,V,V,V,V,V,J,J,J,J,J,J,J,J,J,J,J,J,X,X,X,X,X,X,X,X,X,X,X,X,X,X,X,X,X,O,O,O,O,O,O,O,O,T,T,G,G,G,G,G,G,G,G,G,G,G,G,G,G,G,G,P,G,A,A,A,A,A,T,T
A,A,A,A,A,D,D,N,E,N,N,N,N,L,L,L,L,L,N,N,N,W,N,N,E,E,E,N,N,N,N,G,G,G,G,G,G,G,S,M,W,W,W,W,W,W,W,W,W,W,W,W,C,C,C,C,C,C,C,C,C,C,C,C,C,D,D,D,D,D,D,V,V,V,V,V,J,J,J,J,J,J,J,J,J,J,J,J,J,X,X,X,X,X,X,X,X,X,X,X,X,N,N,X,O,O,O,O,O,O,O,O,O,T,T,T,T,G,G,G,G,G,G,G,G,G,G,G,G,G,G,G,G,A,A,A,A,A,A,T
A,A,A,A,N,D,N,N,E,N,N,N,N,N,N,N,N,L,N,N,N,N,N,N,E,E,E,E,E,N,N,E,G,G,S,O,G,G,S,S,S,W,W,W,W,W,W,W,W,W,W,W,C,C,C,S,S,C,C,B,C,O,C,C,C,D,D,D,D,D,D,B,V,V,V,V,J,J,J,J,J,J,J,J,J,J,J,J,J,J,X,X,X,X,X,O,X,X,X,O,Z,O,O,O,O,O,O,O,O,O,O,O,O,T,T,T,T,T,T,G,G,G,G,G,G,G,G,G,G,G,G,G,G,G,L,L,T,A,T,T
A,A,A,A,N,N,N,N,N,N,N,N,N,N,N,N,N,N,N,N,N,N,N,N,E,E,E,E,E,E,E,E,E,G,S,S,S,S,S,S,S,W,W,W,W,W,W,W,W,C,W,W,C,C,C,S,I,I,I,I,I,I,I,I,I,I,D,B,D,D,D,B,V,B,B,V,J,J,J,J,J,J,J,J,J,J,J,J,J,X,X,J,J,X,X,O,O,O,O,O,Z,O,O,O,O,O,O,O,O,O,O,O,O,T,Y,T,T,T,G,G,G,G,G,G,G,G,G,G,G,G,G,M,G,G,L,L,T,T,T,T
N,N,S,N,N,N,N,N,N,N,N,N,U,N,N,N,N,N,N,N,N,N,N,N,N,E,E,E,E,E,E,E,E,E,K,S,S,S,S,S,S,S,S,W,W,W,W,W,W,C,C,C,C,C,C,C,I,I,I,I,I,I,I,I,I,I,O,B,D,D,D,B,B,B,B,W,W,W,J,J,J,J,J,J,J,J,J,J,J,X,J,J,J,X,X,K,O,O,O,O,O,O,O,O,O,O,O,O,O,O,O,O,F,Y,Y,Y,Y,Y,G,G,G,G,A,G,G,G,G,G,G,G,D,D,G,L,L,L,T,T,T,T
N,N,N,N,N,N,N,N,O,N,N,U,U,N,N,N,N,N,N,N,N,N,E,E,E,E,E,E,E,E,E,E,E,E,E,E,S,I,S,S,S,S,W,W,E,E,W,C,C,C,C,C,C,C,C,C,I,I,I,I,I,I,I,I,I,I,B,B,B,B,B,B,B,B,W,W,W,W,J,J,J,J,J,J,J,J,J,J,J,J,J,J,J,X,O,O,O,O,O,O,O,O,O,O,O,O,O,O,O,O,O,Y,Y,Y,Y,Y,Y,Y,Y,Q,G,A,A,A,G,G,G,G,G,D,D,D,D,L,L,L,L,T,L,L
N,N,N,N,N,N,N,N,N,T,N,X,U,N,N,N,N,N,N,N,N,E,E,E,E,E,E,E,E,E,E,E,E,E,E,I,R,I,S,S,S,S,S,W,E,E,W,W,C,C,C,A,I,I,I,I,I,I,I,I,I,I,I,I,I,I,O,B,B,B,B,W,W,B,B,W,A,W,W,W,W,W,J,J,J,R,J,J,J,J,J,J,J,J,J,O,O,O,O,O,O,O,O,D,O,O,O,O,O,O,O,Y,Y,Y,Y,Y,Y,Y,Y,Y,Y,Y,A,A,A,A,G,G,E,E,D,D,D,L,L,L,L,T,L,L
N,N,N,N,N,N,N,N,N,N,X,X,U,U,U,N,N,N,N,N,N,N,E,E,E,E,E,E,E,E,E,E,E,E,E,I,I,I,I,S,P,E,E,W,E,E,E,C,C,C,A,A,I,I,I,I,I,I,I,I,I,I,I,I,I,I,B,B,W,B,W,W,W,W,W,W,W,W,W,W,W,W,W,W,W,R,R,R,J,J,J,J,J,O,O,O,O,O,O,O,O,O,O,D,D,O,O,O,B,Y,O,Y,Y,Y,Y,Y,Y,Y,Y,Y,O,O,O,A,A,A,G,A,A,D,D,L,L,L,L,L,L,L,L,L
N,N,N,N,N,N,N,N,U,U,U,U,U,U,U,N,N,N,N,N,N,E,E,E,E,E,E,E,E,E,E,E,E,E,E,I,I,I,I,I,I,I,E,E,E,E,E,E,C,E,A,A,I,I,I,I,I,I,I,I,I,I,I,I,I,I,N,B,W,W,G,G,G,G,G,G,G,W,W,W,W,W,G,G,R,R,R,R,R,J,O,J,J,O,O,O,O,O,O,O,O,O,O,O,D,D,D,D,Y,Y,Y,Y,Y,Y,Y,Y,Y,Y,O,O,O,O,O,A,A,A,A,A,A,L,D,L,L,L,L,L,L,L,N,N
N,N,N,N,N,N,N,N,N,U,U,U,U,U,U,U,N,N,N,N,N,E,E,E,E,E,E,E,E,E,E,E,E,E,I,I,I,I,I,I,I,I,E,E,E,E,E,E,E,I,I,I,I,I,I,I,I,I,I,I,I,I,I,I,I,I,N,N,N,W,G,G,G,G,G,G,G,G,G,G,G,W,R,R,R,R,R,R,R,O,O,O,O,O,O,O,O,O,O,O,O,O,O,O,D,D,D,D,Y,Y,Y,Y,Y,Y,Y,Y,Y,Y,O,O,T,A,A,A,A,A,A,A,A,L,L,L,L,L,L,L,L,L,N,N
N,N,N,N,N,N,N,N,U,U,U,T,U,M,M,N,N,N,N,E,E,W,W,E,E,E,E,E,E,E,E,E,E,E,I,I,I,I,I,I,I,E,E,E,E,E,E,E,E,I,I,I,I,I,I,I,I,I,I,I,I,I,A,A,N,N,N,N,N,W,G,G,G,G,G,G,G,G,G,G,G,R,R,R,R,R,R,R,R,R,O,O,O,O,O,O,O,O,O,O,O,O,O,O,D,D,D,D,D,D,Y,Y,W,Y,Y,Y,Y,Y,Y,A,A,A,A,A,A,A,A,A,A,L,L,L,L,L,L,L,L,L,N,N
N,N,N,N,N,N,N,N,N,T,T,T,U,J,N,N,N,E,E,E,E,W,E,E,E,E,E,E,E,E,E,E,E,E,I,I,I,I,I,I,E,E,E,E,E,E,E,E,E,I,I,I,I,I,I,I,I,I,I,I,I,I,A,N,N,N,N,N,N,W,G,G,G,G,G,G,G,G,G,G,G,R,R,R,R,R,R,R,R,R,D,D,O,O,O,O,O,O,O,O,O,O,O,O,D,D,D,D,D,D,Y,Y,Y,Y,Y,Y,Y,Y,Y,A,A,A,A,A,A,A,A,A,A,L,L,L,L,L,L,L,L,L,L,N
N,N,N,N,N,N,N,N,N,T,T,J,J,J,O,J,N,R,R,E,E,E,E,E,E,E,E,E,E,E,E,E,E,I,I,I,I,I,I,I,E,E,E,E,E,E,E,E,E,I,I,I,I,I,I,I,I,I,I,I,I,I,N,N,N,N,N,N,N,W,G,G,G,G,G,G,G,G,G,G,G,R,R,R,R,R,R,R,R,R,R,R,O,O,O,O,O,O,O,O,O,O,O,O,O,D,D,D,D,D,D,D,D,D,Y,Y,Y,Y,Y,A,A,A,A,A,A,A,A,A,A,A,L,L,L,L,L,L,L,N,N,N
N,N,N,N,N,N,N,J,T,T,T,T,T,J,J,J,R,R,R,E,E,E,E,E,E,E,Y,Y,E,N,N,N,I,I,I,I,I,I,E,E,E,E,E,E,E,E,E,E,E,I,I,I,I,I,I,I,I,I,I,A,A,A,A,N,N,N,N,G,G,G,G,G,G,G,G,G,G,G,G,G,G,R,R,R,R,R,R,R,R,R,R,R,O,O,U,O,O,O,O,O,O,O,O,O,D,D,D,D,D,D,D,D,D,D,D,Y,Y,Y,E,E,A,A,A,A,A,A,A,A,A,A,L,L,L,L,L,L,L,N,N,N
N,N,N,J,J,N,J,J,J,T,T,T,T,J,J,J,J,J,J,E,E,E,E,E,E,E,E,E,E,E,I,I,I,I,I,I,I,I,I,I,I,E,E,E,E,E,E,E,E,I,I,I,I,I,I,I,I,I,I,A,A,A,A,A,N,N,N,G,G,G,G,G,G,G,G,G,G,G,G,G,G,G,G,G,R,R,R,R,R,R,R,R,R,O,O,O,O,O,O,O,O,O,O,D,D,D,X,D,D,D,X,X,X,D,D,D,Y,Y,D,E,A,A,A,A,A,A,A,A,A,A,A,A,A,L,L,L,L,N,N,N
N,N,J,J,J,L,J,J,J,J,T,T,J,J,J,J,J,J,J,J,E,E,E,E,E,E,E,E,E,E,I,I,I,I,I,I,I,I,I,E,I,I,E,E,E,E,E,E,F,I,I,I,I,I,I,I,I,I,I,A,A,A,A,A,N,N,N,G,G,G,G,G,G,G,G,G,G,G,G,G,G,G,G,G,R,R,R,R,R,R,R,R,G,X,O,O,X,X,O,O,O,O,X,X,X,X,X,X,X,X,X,X,D,D,D,D,D,D,D,E,A,A,A,A,A,A,A,A,A,A,A,N,N,N,L,L,L,L,N,N
N,N,J,J,J,J,J,J,J,F,J,T,J,J,J,J,J,J,J,J,E,E,E,E,E,E,E,E,E,E,E,I,I,I,I,I,I,I,E,E,E,E,E,E,E,E,E,E,F,I,I,I,I,I,I,I,I,I,I,A,A,A,A,A,Y,N,N,G,G,G,G,G,G,G,G,G,G,G,G,G,G,G,G,G,R,R,R,R,R,O,R,R,X,X,X,O,X,X,X,O,O,O,X,X,X,X,X,X,X,X,X,X,D,D,D,D,D,D,D,E,A,A,A,A,A,A,A,A,A,N,N,N,N,N,N,L,L,L,N,N
J,J,J,J,J,J,J,J,J,J,J,J,J,J,J,J,J,J,J,J,S,S,S,S,S,S,S,S,E,E,E,E,E,I,I,I,I,I,I,E,E,E,E,E,E,E,E,E,F,I,I,I,I,I,I,I,I,I,I,A,A,A,A,A,A,L,N,G,G,G,G,G,G,G,G,G,G,G,G,G,G,G,G,G,R,R,R,R,R,O,O,R,O,Q,X,X,X,X,X,X,X,X,X,X,X,X,X,X,X,X,X,X,X,D,D,D,D,D,D,D,P,A,P,A,A,A,A,A,A,A,A,N,N,N,N,L,N,N,N,N
E,E,J,J,J,J,J,J,J,J,J,J,J,J,J,J,J,J,J,J,S,S,S,S,S,S,S,S,E,E,E,E,E,I,I,I,I,I,E,E,E,N,E,E,E,E,E,F,F,F,F,F,U,W,W,U,U,A,A,A,A,A,A,L,L,L,H,G,G,G,G,G,G,G,G,G,G,G,G,G,G,G,G,G,S,R,R,R,R,O,O,O,O,Q,Q,X,X,X,X,X,X,X,X,X,X,X,X,X,X,X,S,X,X,D,D,D,D,D,D,D,P,P,P,A,A,A,U,A,A,A,A,N,N,N,N,N,N,N,N,N
E,E,J,J,J,J,J,J,J,J,J,J,J,J,J,J,J,J,J,J,S,S,S,S,S,S,S,S,E,E,E,E,E,I,N,I,I,I,E,E,N,N,E,E,E,E,E,E,F,F,F,F,F,F,W,A,A,A,A,A,A,A,A,A,L,L,L,G,G,G,G,G,G,G,G,G,G,G,G,G,G,G,G,G,R,R,R,R,R,O,O,O,O,Q,Q,X,Q,X,X,X,X,X,X,X,X,X,X,X,X,X,S,S,D,D,D,D,D,D,D,P,P,P,P,P,P,P,A,A,A,A,N,N,N,N,N,N,N,N,N,N
Z,Z,Z,Z,Z,Z,Z,Z,W,W,J,J,J,J,J,J,J,J,J,J,S,S,S,S,S,S,S,S,E,E,E,E,E,E,N,I,I,N,N,N,N,N,N,E,E,F,F,F,F,F,F,F,F,F,F,F,A,C,A,A,A,A,I,H,H,L,H,H,H,H,H,H,H,H,G,G,G,G,G,G,G,G,G,G,R,R,R,R,O,O,O,O,O,Q,Q,Q,Q,K,X,X,X,X,X,X,X,X,E,G,G,G,G,G,G,D,D,D,D,D,P,P,P,P,P,P,P,P,P,P,P,A,P,N,K,K,K,K,N,K,N,N
Z,Z,Z,Z,Z,Z,Z,Z,Z,Z,W,J,J,J,J,J,J,J,J,J,S,S,S,S,S,S,S,S,E,E,E,E,E,E,N,N,I,N,N,N,N,N,N,N,N,Y,F,F,F,F,F,F,F,F,F,F,A,C,A,A,A,A,I,H,H,H,H,H,H,H,H,H,G,G,G,G,G,G,G,G,G,G,G,G,O,O,O,O,O,O,O,O,O,Q,Q,Q,Q,X,X,X,X,X,X,X,X,X,E,G,G,G,G,G,G,D,P,P,D,D,D,P,P,P,P,P,P,P,P,P,P,P,P,P,P,K,K,K,K,K,K,K
Z,Z,Z,Z,Z,Z,Z,Z,Z,Z,W,J,J,J,J,J,J,J,J,J,S,S,S,S,S,S,S,S,E,E,E,E,E,E,E,N,N,N,N,N,N,N,N,N,Y,Y,Y,Y,F,F,Y,F,F,F,F,A,A,C,C,A,A,A,A,N,H,H,H,H,H,H,H,H,G,G,G,G,G,G,G,G,G,G,G,G,O,O,O,O,O,O,O,O,O,O,X,T,T,X,X,X,X,X,X,X,X,G,G,G,G,G,G,G,G,P,P,P,P,P,P,P,P,P,P,P,P,P,G,P,P,G,P,K,K,K,K,K,K,K,K,K
H,H,H,H,H,J,J,Z,Z,Z,W,J,J,J,Q,J,J,J,J,J,S,S,S,S,S,S,S,S,E,E,E,E,E,N,N,N,N,N,N,I,N,N,N,N,N,Y,J,Y,Y,Y,Y,Y,F,F,F,A,A,C,C,A,A,A,N,N,H,H,H,H,H,H,H,H,G,G,G,S,S,S,S,S,S,S,O,O,O,O,O,O,O,O,O,O,O,O,X,X,X,X,X,X,X,X,X,X,X,X,H,G,G,G,G,G,G,P,P,V,V,P,P,P,P,P,P,P,P,G,G,G,G,G,G,K,K,K,K,K,K,K,K,K
H,H,H,H,H,H,H,Z,Z,Z,W,Q,Q,Q,Q,Q,Q,Q,J,Q,S,S,S,S,S,S,S,S,E,E,E,E,E,N,N,N,N,N,I,I,N,N,N,Y,Y,Y,Y,Y,Y,Y,Y,Y,Y,F,F,A,A,A,A,A,A,A,A,A,H,H,H,H,H,H,H,H,G,G,G,S,E,P,P,P,P,P,S,O,O,O,O,O,O,O,O,O,O,O,X,X,X,X,X,X,X,X,X,X,X,H,H,G,G,G,G,G,G,V,V,V,V,P,P,P,P,P,P,P,P,G,G,G,G,G,G,G,K,K,K,K,K,K,K,K
H,H,H,H,H,H,H,Z,Z,Z,W,Q,Q,Q,Q,Q,Q,C,Q,Q,S,S,S,S,S,S,S,S,E,E,E,E,E,N,N,N,N,I,I,I,I,N,N,Y,Y,Y,Y,Y,Y,Y,Y,Y,Y,A,A,A,A,A,A,A,A,A,A,A,H,H,H,H,H,H,H,H,G,G,G,E,E,P,P,P,P,P,S,S,C,O,O,O,O,O,O,O,O,O,O,X,X,X,X,X,X,X,X,X,X,H,H,G,G,G,G,G,V,U,V,V,V,V,P,P,P,P,P,O,P,G,G,G,G,G,G,G,G,K,K,K,K,K,K,K
H,H,H,H,H,H,H,Z,Z,Z,Q,Q,Q,Q,Q,Q,Q,Q,Q,Q,Q,U,U,U,U,B,E,E,E,B,I,I,I,I,I,N,I,I,I,I,I,I,N,Y,Y,Y,Y,Y,Y,Y,Y,Y,Y,A,A,A,A,A,A,A,A,A,A,A,H,H,H,H,H,H,H,H,H,H,S,E,E,P,P,P,P,P,S,C,C,C,C,C,C,C,O,O,O,O,O,X,X,X,X,X,X,X,X,X,X,H,H,G,G,G,G,G,V,V,V,V,V,P,P,P,O,O,P,O,O,R,G,Q,G,G,G,G,G,G,K,E,E,K,K,K
H,H,H,H,H,H,H,Z,Z,Z,Q,Q,B,B,Q,Q,Q,Q,B,Q,B,U,U,U,U,B,E,B,B,B,B,I,I,I,I,N,I,I,I,I,I,I,Y,Y,Y,Y,Y,Y,Y,Y,Y,Y,A,A,A,A,A,A,A,A,A,A,A,A,H,H,H,H,H,H,H,H,H,H,H,E,E,P,P,P,P,P,E,C,C,C,C,C,C,C,C,O,C,C,X,X,X,X,X,X,X,X,X,X,X,X,X,J,J,J,V,V,V,V,V,V,V,V,V,O,O,O,O,O,R,R,G,Q,G,G,G,G,S,E,E,E,E,E,K,K
H,H,H,H,H,H,H,Z,Z,Z,B,B,B,B,Q,Q,Q,B,B,B,B,B,U,U,B,B,B,C,C,B,B,B,I,I,I,I,I,I,I,I,I,I,I,Y,Y,Y,Y,Y,Y,Y,Y,Y,T,H,H,H,H,A,A,A,A,A,A,A,A,A,H,H,H,H,H,H,H,H,H,E,P,P,P,P,P,P,E,E,C,C,C,C,C,C,C,C,C,C,X,X,X,X,X,X,X,X,X,X,X,X,X,J,V,V,V,V,V,V,V,V,V,V,O,O,O,O,O,O,O,R,R,Q,G,G,G,E,E,E,E,V,E,E,E,K
H,H,H,H,H,H,H,Z,Z,Z,B,B,B,B,B,B,Q,B,B,B,B,B,B,B,B,B,B,B,B,B,B,B,B,I,I,I,I,I,I,I,I,I,I,I,Y,Y,Y,Y,Y,Y,Y,Y,H,H,H,H,H,H,A,A,A,A,A,A,A,A,H,W,H,H,B,H,H,H,H,E,P,P,P,P,P,P,E,C,C,C,C,C,C,C,C,C,C,C,M,X,K,X,X,X,X,X,X,X,X,X,X,J,V,V,V,V,V,V,V,V,V,V,V,S,O,O,O,O,O,O,G,G,G,G,E,E,E,E,E,E,E,E,K,K
H,H,H,H,H,H,B,B,B,B,B,B,B,B,B,B,B,B,B,B,B,B,B,B,B,B,B,B,B,B,B,B,B,I,I,I,I,I,I,I,I,I,I,I,Y,Y,Y,Y,Y,Y,Y,Y,Y,H,H,H,H,H,A,A,F,F,F,F,F,T,T,H,H,H,H,H,H,H,H,E,P,P,P,P,P,P,E,E,C,C,C,C,C,C,C,C,C,M,M,X,X,X,X,X,X,X,X,X,X,X,J,J,V,V,V,V,V,V,V,V,V,V,O,O,O,O,O,O,O,O,O,K,K,G,K,K,K,E,E,E,E,E,K,K
H,H,H,H,H,H,T,B,B,B,B,B,B,B,B,B,B,B,B,B,B,B,B,B,B,B,B,B,B,B,B,B,B,I,I,I,I,I,I,I,I,I,I,Q,Q,H,H,H,H,H,H,Y,Y,Y,H,H,H,H,H,H,F,F,F,F,T,T,T,H,H,E,E,E,E,E,E,E,E,P,P,P,P,P,E,E,C,C,C,C,C,C,C,C,C,X,X,X,X,X,X,X,X,X,X,X,X,X,V,V,V,V,V,V,V,V,V,V,V,V,V,O,O,O,O,O,O,O,O,O,K,K,K,K,K,E,E,E,E,K,K,K
H,H,H,H,B,H,B,B,B,B,B,B,B,B,B,B,B,B,B,B,B,B,B,B,B,B,B,B,B,B,B,B,B,B,I,I,I,I,I,I,I,I,I,Q,Q,Q,H,H,H,H,H,H,H,H,H,H,H,H,F,H,F,F,F,F,T,T,T,T,H,E,E,E,E,E,E,E,E,P,P,P,P,P,E,E,C,C,C,C,C,C,C,C,X,X,X,X,X,X,X,X,J,X,X,X,X,W,W,V,V,V,V,V,V,V,V,V,V,V,V,O,K,K,O,O,O,O,O,O,K,K,K,K,K,E,K,E,K,K,K,K
H,H,H,R,B,B,B,B,B,B,B,B,B,B,B,B,B,B,B,B,O,O,O,B,B,B,B,B,B,B,B,B,B,B,B,I,I,I,I,I,I,I,I,I,Q,H,H,H,H,H,H,H,H,H,H,H,H,F,F,F,F,F,F,F,F,F,F,T,E,E,E,E,E,E,E,E,E,P,P,P,P,P,F,C,C,C,C,C,C,C,C,X,X,X,X,X,X,X,X,X,X,X,X,X,W,W,W,W,V,V,V,V,V,V,V,V,V,V,V,V,K,K,O,K,K,K,K,K,K,K,E,E,K,E,K,K,K,K,K,K
H,H,H,H,I,B,B,B,B,B,E,B,B,B,B,B,B,B,O,O,O,O,O,B,B,O,O,T,B,B,B,B,B,B,B,W,W,W,I,I,I,I,I,I,I,Q,H,H,H,H,H,H,H,H,H,H,H,H,F,F,F,F,F,F,F,F,F,T,E,E,E,E,E,E,E,E,E,P,P,P,P,P,F,C,C,C,C,C,C,C,C,X,X,X,X,X,X,X,X,X,X,X,W,W,W,W,W,W,W,W,V,V,V,V,V,V,V,V,V,V,K,K,O,K,K,K,K,K,K,K,E,E,E,E,K,K,K,K,K,K
R,R,R,R,B,B,L,L,B,B,E,B,B,B,B,B,B,O,O,O,O,O,O,O,O,O,O,O,B,B,B,B,B,B,B,B,W,W,W,I,I,I,I,Q,Q,Q,Q,H,Q,Q,H,H,H,H,H,H,F,F,F,F,F,F,F,F,F,F,F,E,E,E,E,E,E,E,E,E,E,P,P,P,P,P,F,F,C,C,I,C,C,C,C,X,X,X,X,X,X,X,X,X,X,X,X,W,W,W,W,W,W,W,W,W,V,V,V,V,V,V,V,K,K,K,K,K,K,K,A,K,K,K,E,E,E,E,K,K,K,K,K,K
R,R,R,R,R,B,B,L,R,R,E,B,B,B,B,B,B,O,O,O,O,O,O,O,O,O,O,B,B,B,B,B,B,B,B,B,W,W,W,I,I,I,I,Q,Q,Q,Q,Q,Q,Q,H,H,H,H,H,H,F,F,F,F,F,F,F,F,F,F,K,E,E,E,E,E,E,E,E,E,E,E,F,F,F,F,F,F,I,I,I,C,C,C,C,C,X,X,X,X,X,X,X,X,X,X,X,W,W,W,W,W,W,W,W,W,V,V,Q,Q,V,V,V,V,K,K,K,K,A,K,A,K,K,K,E,E,E,K,K,K,K,K,K,K
R,R,R,R,R,B,R,R,R,R,R,B,O,B,O,B,O,O,O,O,O,O,O,O,O,O,O,B,B,B,B,B,B,B,B,B,B,W,W,I,I,I,Q,Q,Q,Q,Q,Q,Q,Q,H,M,H,H,H,L,F,F,F,F,F,F,F,F,F,F,F,F,E,E,E,E,E,E,E,E,E,F,F,F,F,F,F,F,F,I,I,I,C,T,C,C,X,Y,X,X,X,X,X,X,X,X,X,X,W,W,W,W,W,W,W,W,V,V,Q,Q,Q,Q,Q,J,A,A,K,A,A,A,A,K,K,K,E,E,E,E,K,K,K,K,K,K
R,R,R,R,R,R,R,R,R,R,R,R,O,O,O,O,O,O,O,O,O,O,O,O,O,O,B,B,B,B,B,B,B,U,B,B,B,W,I,I,I,Q,Q,Q,Q,Q,Q,Q,Q,Q,Q,Q,F,H,H,H,F,F,F,F,F,F,F,F,F,F,F,F,E,E,E,E,V,E,E,E,E,F,F,F,F,F,F,F,F,H,H,H,T,T,C,A,X,Y,Y,X,X,X,X,X,X,W,W,W,W,W,W,W,W,W,W,W,W,Q,Q,Q,Q,Q,A,A,A,A,A,A,A,A,A,A,A,A,E,E,C,E,K,K,K,C,C,C
R,R,R,R,R,R,R,R,R,O,O,R,O,U,O,O,O,O,O,O,O,O,O,O,O,O,O,B,B,B,B,B,B,B,B,B,B,B,I,Q,B,Q,Q,Q,Q,Q,Q,Q,Q,Q,Q,Q,F,F,H,F,F,F,F,F,F,F,F,F,F,F,F,F,F,E,E,E,V,E,E,V,V,V,F,F,F,F,F,F,H,H,H,H,T,T,C,A,Y,E,Y,Y,Y,Y,Y,X,W,W,W,W,W,W,W,W,W,W,W,W,Q,Q,Q,Q,Q,Q,A,A,A,A,A,A,A,A,A,A,M,A,C,C,C,C,K,K,C,C,C,C
R,R,R,R,R,R,R,R,R,O,O,O,O,U,U,O,O,O,O,O,O,O,O,O,H,O,H,H,B,B,B,B,B,B,B,B,B,B,B,B,B,Q,Q,Q,Q,Q,Q,Q,Q,Q,Q,Q,F,F,F,F,F,F,F,F,F,P,F,F,F,U,U,F,F,F,E,E,V,E,V,V,V,V,V,V,F,F,F,F,F,H,H,H,T,T,T,Y,Y,Y,Y,Y,Y,N,Y,Y,Y,Y,W,W,W,W,W,W,W,W,W,W,W,Q,Q,Q,Q,Q,A,A,A,A,A,A,A,A,A,A,A,A,A,C,C,C,C,C,C,C,C,C
R,R,R,R,R,R,R,R,R,O,O,O,U,U,U,U,O,O,O,O,O,O,O,H,H,H,H,H,B,B,B,B,B,B,B,B,B,B,B,B,B,Q,Q,Q,Q,Q,Q,Q,Q,Q,Q,F,F,F,P,F,F,P,F,F,F,P,P,P,U,U,U,U,U,F,U,U,V,V,V,V,V,V,V,V,F,F,F,F,F,H,H,T,T,T,Y,Y,Y,Y,Y,Y,Y,Y,Y,Y,Y,Y,W,W,W,W,W,W,W,W,W,W,W,H,Q,Q,Q,Q,Q,A,A,A,A,A,A,A,A,A,A,A,A,A,C,C,C,C,C,C,C,C
R,R,R,R,R,R,R,R,R,R,O,O,O,U,U,U,U,O,O,O,O,O,O,T,T,T,H,B,B,B,B,B,B,B,B,B,B,B,B,M,Q,Q,Q,Q,Q,Q,Q,Q,Q,Q,Q,F,F,F,P,P,P,P,Z,P,P,P,P,P,U,U,U,U,U,U,U,U,V,V,V,V,V,V,V,V,V,V,F,H,H,H,H,H,T,T,Y,Y,Y,Y,Y,Y,Y,Y,Y,Y,Y,Y,W,W,W,W,W,W,W,W,W,W,W,H,H,Q,Q,Q,Q,A,A,A,A,A,A,A,A,A,A,A,A,A,C,C,C,C,C,C,C,C
R,R,R,R,R,R,R,R,R,R,O,O,U,U,U,U,U,U,U,T,T,O,O,O,T,T,B,B,H,B,B,B,B,Z,B,B,B,Z,Z,Q,Q,Q,Q,Q,Q,Q,Q,Q,Q,Q,Q,F,F,P,P,P,P,P,P,P,P,P,P,P,U,U,U,U,U,U,U,U,U,V,V,V,V,V,V,V,V,H,H,H,H,H,H,H,H,Y,Y,Y,Y,Y,Y,Y,Y,Y,Y,Y,T,E,W,W,W,W,W,W,W,W,W,V,J,J,H,Q,Q,Q,Q,A,A,A,T,A,A,A,A,A,A,A,A,A,Z,C,C,C,C,C,C,C
R,R,R,R,R,R,R,R,R,R,O,O,U,U,U,U,U,I,U,U,T,T,T,O,T,T,T,B,B,B,B,Z,Z,Z,Z,Z,Z,Z,Z,Z,H,Q,Q,Q,Q,Q,K,K,K,K,Q,F,F,P,P,P,P,P,P,P,P,P,P,P,U,U,U,U,U,U,V,V,V,V,V,V,V,V,V,H,H,H,H,H,H,H,H,H,H,Y,Y,Y,Y,Y,Y,Y,Y,Y,Y,Y,T,E,E,E,W,W,W,W,W,J,J,J,J,J,J,K,K,Q,Q,Q,Q,Q,A,A,A,A,A,A,A,A,A,A,C,C,C,C,C,C,C,C
R,R,R,R,R,R,R,R,R,R,O,O,O,U,U,U,U,U,T,T,T,T,T,T,T,T,T,B,B,B,B,Z,Z,Z,Z,Z,Z,Z,Z,H,H,H,X,X,X,X,X,K,K,X,X,X,P,P,P,P,P,P,P,P,P,P,P,P,U,U,U,U,U,U,V,V,V,V,V,V,G,V,V,V,V,H,H,H,H,H,H,H,H,Y,Y,Y,Y,Y,Y,Y,Y,Y,Y,Y,E,E,E,E,W,W,W,J,W,J,J,J,J,J,K,K,K,K,Q,Q,Q,D,D,D,A,A,A,A,A,A,A,A,C,A,C,C,C,C,C,C
G,R,R,R,R,R,R,R,R,R,O,O,U,U,U,U,U,K,D,D,T,T,T,T,T,T,T,B,B,B,Z,Z,Z,Z,Z,Z,Z,Z,Z,Z,H,H,X,X,X,X,X,K,K,X,X,X,P,P,P,P,P,P,P,P,P,P,P,U,U,U,U,U,U,U,V,V,G,G,V,G,G,V,H,H,H,H,H,H,H,H,H,H,H,T,T,T,Y,Y,Y,Y,Y,Y,A,Y,E,E,E,W,W,W,W,J,J,J,J,J,J,J,K,K,K,K,Q,Q,Q,D,D,D,D,A,A,A,A,A,A,A,A,A,A,C,C,C,C,C
G,G,G,R,R,B,B,R,R,O,O,O,O,U,U,U,U,K,D,D,T,D,T,T,T,T,T,T,B,B,B,Z,Z,Z,Z,Z,Z,Z,Z,Z,Z,G,X,X,X,X,X,X,X,X,X,X,P,P,P,P,P,P,P,P,P,P,P,Z,U,U,U,U,U,U,U,V,V,G,V,G,G,G,H,H,H,H,H,H,H,H,H,H,H,T,T,T,Y,Y,Y,Y,Y,Y,Y,Y,E,E,E,E,W,W,W,J,J,J,Z,Z,Z,Z,K,K,K,K,Q,Q,Q,D,D,D,D,A,A,A,A,A,A,A,A,A,A,A,C,C,C,C
G,G,G,G,G,G,B,R,R,O,O,O,O,O,O,O,D,D,D,D,D,D,T,T,T,T,T,T,T,T,T,Z,Z,Z,Z,Z,Z,Z,Z,G,G,G,G,G,S,X,X,X,X,X,X,X,X,X,X,P,P,P,P,P,P,P,P,U,U,U,U,U,U,U,U,G,G,G,G,G,G,H,H,H,H,H,H,H,H,H,H,H,H,T,T,T,T,Y,Y,Y,Y,L,Y,E,E,E,E,E,E,E,W,W,J,J,Z,Z,Z,Z,Q,Q,Q,Q,Q,Q,D,D,D,D,D,A,A,A,A,A,A,A,A,A,A,A,C,C,C,T
G,G,G,G,G,B,B,O,O,O,O,O,D,D,D,D,D,D,D,D,D,D,T,T,T,T,T,T,T,T,T,Z,Z,Z,Z,Z,Z,Z,G,G,G,G,G,G,S,X,X,X,X,X,X,X,X,X,X,P,P,P,P,P,P,P,P,U,U,U,U,U,U,U,U,U,G,G,G,G,G,W,H,H,H,H,H,H,H,H,H,H,H,H,T,T,T,E,Y,Y,Y,Y,Y,Y,E,E,E,V,E,J,J,J,J,J,Z,Z,Z,Z,Q,Q,Q,Q,N,Q,P,D,D,D,D,A,A,A,A,A,A,A,A,A,A,A,A,A,T,T
G,G,B,B,B,B,B,O,O,O,O,O,D,D,D,D,D,D,D,D,D,D,D,T,T,T,T,T,T,T,T,V,Z,Z,O,Z,Z,G,G,G,G,G,G,G,S,X,X,X,X,X,X,X,X,X,X,P,P,P,P,P,P,P,P,P,P,U,U,U,U,U,U,U,U,G,G,G,G,G,H,H,H,H,H,H,H,H,H,H,H,H,T,T,E,E,E,E,Y,Y,Y,E,E,E,E,T,J,J,J,J,J,J,Z,Z,Z,Z,Q,Q,Q,Q,N,N,P,P,D,D,D,A,A,A,A,A,A,A,A,A,A,A,A,A,A,A
G,G,B,B,B,B,O,O,O,O,D,O,D,D,D,D,D,D,D,D,D,D,D,D,T,T,T,T,T,T,T,V,Z,Z,Z,Z,Z,G,G,G,G,G,S,S,S,S,S,S,X,X,X,X,X,X,X,X,P,P,P,P,P,P,P,P,P,U,U,P,U,U,U,U,R,K,G,S,S,S,H,H,H,H,H,H,H,H,H,H,T,T,E,E,E,E,E,E,Y,Y,E,E,E,E,R,T,T,J,J,J,Z,Z,Z,Z,Z,Z,J,J,J,J,J,J,P,P,D,D,D,A,D,D,A,A,A,A,A,A,A,A,A,A,A,A
G,B,B,B,B,B,B,O,O,O,D,D,D,D,D,D,D,D,D,D,D,D,D,D,T,T,T,T,T,T,T,T,A,A,A,G,G,G,G,G,G,G,S,S,S,S,S,X,X,X,X,X,X,X,X,X,P,P,P,P,P,P,P,P,P,P,P,P,R,U,V,V,R,R,S,S,S,S,S,H,S,S,S,H,H,H,H,T,T,T,E,E,E,E,E,E,E,E,E,E,E,T,R,T,T,T,T,G,Z,Z,Z,Z,Z,Z,Z,Z,Z,Z,Z,Z,Z,P,D,D,D,D,D,A,A,A,A,A,O,A,A,A,A,A,A,L
G,B,B,B,B,B,B,H,O,H,D,D,D,D,D,D,D,D,D,D,D,D,D,D,T,T,T,T,T,T,T,T,A,G,A,G,G,G,G,G,G,G,G,A,S,S,S,X,X,X,X,X,X,X,X,X,X,X,P,P,P,P,P,P,P,P,P,R,R,V,V,R,R,R,S,S,S,S,S,S,S,S,H,H,H,H,H,T,T,T,T,E,E,E,E,E,E,E,E,E,T,T,T,E,T,T,T,T,Z,Z,Z,Z,Z,Z,Z,Z,Z,Z,Z,Z,Z,P,D,D,D,O,O,O,A,A,A,O,O,A,A,A,A,A,A,A
G,B,B,E,H,H,O,H,H,H,D,D,D,D,D,D,D,D,D,D,D,D,D,T,T,T,T,T,T,T,A,A,A,G,W,G,G,G,G,G,G,G,G,A,S,S,S,S,X,X,X,X,X,X,X,X,X,P,P,P,P,P,P,R,R,R,R,R,R,R,R,R,R,R,S,S,S,S,S,S,S,S,H,H,M,M,S,S,T,T,T,T,E,E,E,E,E,E,E,E,T,T,T,E,T,T,T,T,Z,Z,Z,Z,Z,Z,Z,Z,Z,Z,Z,Z,Z,O,O,O,D,O,O,O,A,A,A,A,A,A,A,A,A,A,S,A
G,B,E,E,E,H,H,H,H,H,D,D,D,D,D,D,D,D,D,D,D,D,D,D,D,T,T,T,T,T,A,A,A,G,G,G,G,G,G,G,G,G,G,A,A,S,X,X,X,X,X,X,X,X,X,X,P,P,P,P,R,R,P,R,R,R,R,R,R,R,R,R,R,R,R,R,S,S,S,S,S,S,S,S,S,M,S,T,T,T,E,E,E,E,E,E,E,E,E,T,T,G,T,T,T,T,T,T,Z,Z,Z,Z,Z,Z,Z,Z,Z,Z,Z,Z,Z,O,G,O,O,O,O,O,O,O,S,O,O,O,N,A,S,S,S,S
G,B,E,H,H,H,H,H,H,H,H,D,D,D,D,D,D,D,D,D,D,D,D,D,B,T,T,T,A,A,A,A,A,G,G,G,G,G,G,G,A,A,A,A,X,X,X,X,X,X,X,X,X,X,X,G,P,P,P,P,R,R,R,R,R,R,R,R,R,R,R,R,R,R,S,S,S,S,V,V,S,S,S,S,S,S,S,S,S,S,W,W,W,W,E,E,E,E,E,T,E,G,T,T,T,T,T,T,Z,Z,Z,Z,Z,Z,Z,Z,Z,Z,Z,Z,Z,O,G,O,O,O,O,O,O,O,O,O,O,O,O,J,J,S,S,S
G,H,H,H,H,H,H,H,H,H,D,D,D,D,D,D,D,M,D,D,D,D,D,D,B,T,T,A,A,A,A,A,A,A,G,G,A,G,G,A,A,A,A,A,X,X,X,X,X,X,X,X,X,X,X,G,P,P,P,P,T,R,R,R,R,R,R,R,R,R,R,R,R,R,S,S,S,V,V,G,S,S,S,S,S,S,S,S,A,S,W,W,W,W,E,E,E,E,E,E,E,T,T,T,N,T,T,T,Z,Z,Z,Z,Z,Z,Z,Z,Z,Z,Z,Z,Z,O,O,O,O,O,O,O,O,O,O,O,O,O,J,J,S,S,S,J
G,H,H,H,H,H,H,H,H,H,H,D,D,D,D,D,D,D,D,D,Q,Q,Q,D,Q,A,A,A,A,A,A,A,A,A,A,G,A,G,G,A,A,A,A,A,X,X,X,X,X,K,X,X,X,X,X,X,W,W,W,P,R,R,R,R,R,R,R,R,R,R,R,R,R,R,S,V,V,V,V,G,S,S,S,S,S,S,S,S,S,Q,J,J,E,E,E,E,E,E,E,E,E,T,N,T,N,T,T,T,Z,Z,Z,Z,Z,Z,Z,Z,Z,Z,Z,Z,Z,O,O,O,O,O,O,O,O,O,O,O,O,J,J,J,J,J,S,J
G,H,G,H,H,H,H,H,H,H,H,D,D,D,D,D,D,Q,Q,Q,Q,Q,Q,Q,Q,Q,Q,A,A,A,A,A,A,A,A,A,A,A,A,A,A,A,A,A,A,A,A,X,X,X,X,X,G,R,R,R,R,R,R,R,V,R,R,R,R,R,R,R,R,R,R,R,R,R,G,V,V,V,V,V,V,S,V,S,S,S,S,S,S,J,J,J,E,E,E,E,E,E,E,O,L,N,N,N,T,T,T,T,Z,Z,Z,Z,Z,Z,Z,Z,Z,Z,Z,Z,Z,X,O,O,O,O,O,O,O,O,O,O,O,N,J,J,J,J,J,J
G,G,G,H,H,H,H,H,F,F,F,F,D,B,B,Q,Q,Q,Q,Q,Q,Q,Q,Q,Q,Q,Q,A,A,A,A,A,A,A,A,A,A,A,A,A,A,A,A,A,A,A,A,X,N,N,N,N,G,R,R,R,R,R,R,R,V,R,R,R,W,R,R,R,R,R,R,R,R,R,R,V,V,V,V,V,V,V,V,V,V,S,S,S,J,J,J,J,J,J,J,W,W,E,E,L,L,N,N,N,N,T,T,T,Z,Z,Z,Z,Z,Z,Z,Z,Z,Z,Z,Z,Z,X,O,X,O,O,O,O,O,O,O,O,O,O,O,J,J,J,J,J
G,G,G,H,H,H,H,H,F,F,F,F,F,B,B,B,Q,Q,Q,Q,Q,Q,Q,Q,Q,Q,Q,A,A,A,A,A,A,S,A,A,A,A,A,A,A,A,A,C,C,C,X,X,G,N,G,G,G,G,G,G,R,R,R,R,R,R,U,R,R,R,R,R,R,R,R,R,R,S,R,R,Q,V,V,V,V,V,V,V,V,J,J,J,J,J,J,J,J,J,J,J,W,W,L,L,L,L,N,N,N,N,N,T,T,T,T,T,T,Z,Z,Z,Z,Z,Z,X,X,X,X,X,X,O,O,O,O,O,O,O,O,O,O,I,J,J,J,I
G,G,G,G,H,H,H,H,F,F,F,F,F,B,G,G,Q,Q,Q,Q,Q,Q,Q,Q,Q,Q,Q,A,A,A,A,A,A,S,S,S,S,C,C,C,C,A,C,C,C,U,U,X,G,G,G,G,G,G,G,R,R,R,R,R,R,R,U,R,R,R,R,R,R,R,R,R,R,S,S,S,Q,V,V,V,V,V,V,V,V,V,J,J,J,J,J,J,J,J,J,J,J,W,L,L,L,L,L,N,N,N,T,T,T,T,T,T,V,Z,Z,Z,Z,Z,Z,X,X,X,X,X,X,O,O,O,O,O,O,O,O,O,O,I,I,I,I,I
G,G,G,E,F,F,F,H,F,F,F,F,F,F,F,G,B,G,G,G,G,G,G,G,G,Q,Q,Q,A,A,S,S,S,S,S,S,S,C,C,C,C,A,C,C,C,U,U,U,G,G,G,G,G,G,G,G,G,R,R,G,U,U,U,R,T,R,R,R,T,R,R,R,R,S,S,Q,Q,Q,V,V,V,V,V,V,R,R,R,J,J,J,J,J,J,J,J,J,W,W,L,L,L,L,L,L,N,L,L,T,T,T,T,T,T,Z,Z,Z,Z,Z,Z,X,X,X,X,X,X,O,O,O,O,O,O,O,O,O,I,I,I,I,I,I
G,G,G,G,P,F,F,F,F,F,F,F,N,F,F,G,G,G,G,G,G,G,G,G,G,A,A,Q,Q,A,A,S,S,S,S,S,S,C,C,C,C,C,C,C,C,U,U,U,U,G,G,U,G,G,G,G,G,G,G,G,U,U,U,R,T,T,R,R,T,R,R,S,S,S,Q,Q,Q,Q,V,V,V,V,V,V,R,R,R,R,J,J,J,J,J,J,J,J,W,W,W,W,L,L,L,L,L,L,L,L,G,T,T,T,A,Z,Z,Z,Z,Z,Z,I,X,X,X,X,X,O,O,O,O,O,O,I,X,X,I,I,I,I,I,K
G,G,G,G,P,P,P,F,F,F,L,F,F,F,T,G,G,G,G,G,G,G,G,G,G,N,A,Q,A,A,S,S,S,S,S,S,Z,Z,C,C,C,C,C,C,C,C,U,U,U,U,G,U,G,G,G,G,G,G,G,G,G,T,T,T,T,T,T,T,T,R,R,R,S,S,Q,Q,Q,V,V,V,V,V,V,V,R,R,R,R,J,J,J,J,J,J,K,W,W,W,W,W,L,L,L,L,L,L,L,L,L,T,T,T,A,Z,Z,Z,Z,Z,Z,A,X,X,X,X,X,X,X,O,O,O,O,I,X,I,I,I,I,I,I,I
P,G,G,P,P,P,P,F,F,F,L,L,G,G,G,G,G,G,G,G,G,G,G,G,Q,A,A,A,A,S,S,S,S,S,S,S,S,S,N,N,C,C,C,C,C,C,U,U,U,U,U,U,U,G,G,G,G,G,G,G,G,T,T,T,T,T,T,T,T,T,R,T,T,T,M,Q,Q,V,V,V,V,V,V,V,R,R,R,R,J,J,J,J,J,M,K,K,K,W,L,L,L,L,L,L,L,L,L,L,L,A,A,A,A,Z,Z,Z,Z,Z,Z,A,X,X,X,X,X,X,X,X,X,X,I,I,I,I,I,I,I,I,I,I
P,P,G,P,P,P,P,P,F,L,L,L,L,L,G,G,G,G,G,G,G,G,G,G,C,C,C,C,A,S,S,S,S,S,S,S,S,S,N,C,C,C,C,E,C,C,U,U,U,U,U,U,G,G,G,G,G,G,G,G,G,T,T,T,T,T,T,T,T,T,T,T,T,T,T,V,V,V,V,V,V,V,V,R,R,R,R,R,J,R,J,J,J,J,K,K,K,K,L,L,L,L,L,L,L,L,L,A,A,A,A,A,A,Z,Z,Z,Z,Z,Z,A,X,X,X,X,X,X,X,X,X,X,I,I,I,I,I,I,I,I,I,I
P,P,P,P,P,P,P,P,F,L,L,L,L,L,S,S,G,G,G,G,G,G,G,W,C,C,C,C,C,S,S,S,S,S,S,S,S,S,N,N,C,N,C,C,C,C,C,U,U,U,G,G,G,G,G,G,G,G,G,G,G,G,T,T,T,T,T,T,T,T,T,T,T,T,T,T,V,V,V,V,V,V,R,R,R,R,R,R,R,J,J,J,R,K,K,K,K,K,L,L,L,L,L,L,L,L,L,A,A,A,A,A,A,Z,Z,Z,Z,Z,Z,A,X,X,X,X,X,X,X,X,X,I,I,I,I,I,I,I,I,I,I,I
P,P,P,P,P,P,P,P,P,P,P,P,L,P,P,S,W,W,G,G,W,W,W,W,C,C,C,C,S,S,V,S,S,S,U,U,U,N,N,N,N,N,N,N,C,C,C,C,C,G,G,C,G,G,G,G,G,G,G,G,G,G,T,J,T,T,T,T,T,T,T,T,T,T,T,T,C,C,V,V,R,R,R,R,R,T,T,R,R,R,J,J,J,K,K,K,K,K,L,L,L,L,L,L,L,L,L,A,A,A,A,A,A,Z,Z,Z,Z,Z,Z,A,X,X,X,K,X,X,X,X,X,X,I,I,I,I,I,I,I,I,I,I
P,P,P,V,V,P,P,V,P,P,P,P,P,P,P,P,P,W,G,G,G,G,W,W,C,Z,C,S,S,S,S,S,S,S,U,U,U,U,U,N,N,N,N,N,C,N,N,N,N,G,G,G,G,G,G,G,G,G,G,G,J,T,T,J,J,J,T,T,T,T,T,T,T,T,T,T,T,C,C,V,R,R,R,T,T,T,T,T,T,T,O,O,J,K,K,K,K,K,K,L,L,L,L,L,L,L,A,A,A,A,A,J,J,J,J,J,J,T,J,X,X,X,X,K,K,K,K,X,I,I,I,I,I,I,I,I,I,I,I,I
P,P,P,V,V,V,V,V,P,P,P,P,P,P,P,P,P,W,G,W,W,W,W,Z,Z,Z,Z,G,G,S,S,S,U,U,U,U,U,U,U,U,N,N,N,N,N,R,R,R,N,N,G,G,G,G,G,G,G,G,G,G,J,J,J,J,J,J,J,J,J,J,T,T,T,T,T,T,T,T,M,M,R,R,T,T,T,T,T,T,T,T,O,K,J,K,K,K,K,K,K,K,K,K,L,L,L,A,A,A,A,A,A,J,J,J,J,J,J,J,J,J,X,X,X,K,K,K,K,H,I,N,N,I,I,I,I,I,I,I,I,I
P,P,P,V,V,V,V,V,V,V,V,P,P,P,P,P,P,W,W,W,W,I,I,I,G,G,G,G,G,S,S,U,U,U,U,U,U,U,U,U,U,N,T,T,N,T,R,R,R,G,G,G,G,A,G,G,G,G,J,J,J,J,J,J,J,J,J,J,J,T,T,T,T,M,M,M,M,M,M,M,R,R,R,T,T,T,T,T,T,T,K,K,K,K,K,K,K,K,K,K,K,K,K,L,L,L,A,A,J,J,A,J,J,J,J,J,J,J,J,J,J,J,K,K,K,K,K,K,N,N,N,I,I,I,I,I,I,I,I,I
S,P,P,V,V,V,V,V,V,V,P,P,P,P,P,P,P,W,W,I,I,I,I,I,G,G,G,G,G,G,G,G,U,U,U,U,U,U,U,U,U,N,T,T,T,T,C,T,R,G,R,G,G,A,G,Z,J,G,J,J,J,J,J,J,J,J,J,J,J,J,T,T,M,M,M,M,M,M,M,M,R,R,R,R,T,T,T,T,T,T,T,K,K,K,K,K,K,K,K,K,K,K,K,L,L,A,A,A,J,A,A,J,J,J,J,J,J,J,J,J,J,J,K,K,K,K,K,K,K,N,I,I,I,I,I,I,I,I,C,C
S,P,S,V,V,V,V,V,V,V,P,P,P,P,P,P,R,W,W,I,E,I,I,I,I,G,G,G,G,G,G,G,U,U,U,U,U,U,U,U,U,T,T,T,T,T,T,T,R,R,R,R,R,J,G,J,J,J,J,C,J,J,J,C,C,J,C,J,J,J,J,H,M,M,M,M,M,M,M,R,R,R,R,R,T,T,T,T,T,T,T,J,K,K,K,K,K,K,K,K,K,K,K,K,L,A,A,J,J,J,J,J,J,J,J,J,J,J,J,J,J,K,K,K,K,Q,K,N,N,N,I,I,I,I,I,I,I,C,C,C
S,S,S,S,S,S,V,V,V,V,P,P,P,P,P,P,P,P,W,I,I,I,I,I,G,G,G,G,G,G,G,F,U,U,U,U,U,U,U,T,U,T,T,T,T,T,T,T,T,R,R,R,R,J,J,J,J,J,J,C,C,J,C,C,C,C,C,C,C,C,J,J,J,B,M,M,M,M,M,R,R,R,R,R,T,T,T,T,T,T,T,J,K,K,K,K,K,K,K,K,K,K,K,A,A,A,A,J,J,J,J,J,J,J,J,J,J,J,J,J,J,K,K,K,K,K,K,N,N,N,I,I,I,I,P,I,I,I,C,C
S,S,S,S,S,V,V,V,V,P,P,P,P,P,P,P,P,P,P,I,I,I,I,I,G,I,G,G,F,F,F,F,F,F,E,U,U,U,B,B,B,B,B,B,B,B,T,T,R,R,R,R,R,R,R,R,J,J,J,C,C,C,C,C,C,C,C,C,C,J,J,J,Z,Z,M,M,Z,Z,V,Z,Z,Z,Z,T,T,T,T,T,T,T,T,J,K,K,J,K,K,K,K,K,G,K,K,A,A,J,J,J,J,J,J,J,J,J,J,J,J,J,J,J,K,K,K,K,K,K,K,K,K,N,I,I,I,I,P,I,I,C,C,C
S,S,S,S,S,V,V,V,V,P,P,M,P,L,L,P,P,P,L,I,I,I,I,I,I,I,G,G,F,F,F,F,F,F,T,T,T,T,B,B,B,B,B,B,B,B,T,R,R,R,R,R,R,R,R,R,J,J,C,C,C,C,C,C,C,C,C,C,C,C,C,J,Z,Z,Z,Z,Z,Z,Z,Z,Z,W,W,T,T,T,T,T,T,W,J,J,J,J,J,K,K,K,K,K,G,K,K,K,G,G,G,J,J,Q,J,Q,J,J,J,J,J,J,J,D,K,K,K,K,K,K,K,K,K,N,I,I,I,Y,C,C,C,C,C,C
S,S,S,S,S,V,V,V,P,P,M,M,M,L,L,L,P,P,P,I,I,I,I,I,I,X,X,F,F,F,F,F,F,F,T,T,T,T,B,B,B,B,B,B,B,B,T,T,X,X,R,R,R,R,R,C,C,C,C,C,C,C,C,C,C,C,C,C,C,C,J,Z,Z,Z,Z,Z,Z,Z,Z,Z,Z,Z,W,W,W,W,T,W,W,W,W,J,J,J,J,J,J,K,K,K,G,G,K,K,G,G,G,J,G,Q,Q,Q,Q,B,N,J,J,J,J,K,K,K,K,K,K,K,K,K,K,K,I,I,Y,Y,Y,Y,C,C,C,C
S,S,S,S,S,V,B,M,M,M,M,M,M,L,L,L,P,C,C,I,I,I,I,I,I,X,X,X,F,F,F,F,F,F,T,T,T,T,B,B,B,B,B,B,B,B,T,X,X,X,X,X,R,R,R,R,C,C,C,C,C,C,C,C,C,C,C,C,C,C,Z,Z,Z,Z,Z,Z,Z,Z,Z,Z,Z,Z,Z,Z,W,W,W,W,W,N,N,J,J,J,J,J,K,K,K,K,X,G,G,G,G,G,G,G,G,Q,Q,Q,B,B,B,B,B,B,B,K,K,K,K,K,K,K,K,K,K,K,K,K,Y,Y,Y,Y,Y,C,C,C
S,S,S,S,S,V,V,M,M,O,M,M,M,M,M,L,M,C,C,I,I,I,I,I,I,X,S,F,F,F,F,F,F,T,T,T,T,T,B,B,B,B,B,B,B,B,X,X,X,X,X,X,X,T,R,R,R,B,Z,C,C,C,C,C,C,C,C,C,C,Z,Z,Z,Z,Z,Z,Z,Z,Z,Z,Z,Z,Z,Z,H,P,P,P,W,W,N,N,J,J,J,J,J,N,K,N,N,G,G,G,G,G,G,G,G,Q,Q,Q,Q,B,B,B,B,B,B,B,B,K,K,K,K,K,K,K,K,K,K,K,D,A,Y,Y,Y,Y,A,A,K
S,S,S,S,S,V,C,M,M,M,Z,Z,Z,Z,Z,Z,Z,Z,C,I,C,X,I,X,X,X,X,X,X,F,F,F,F,T,T,T,T,T,B,B,B,B,B,B,B,B,X,X,X,X,T,X,T,T,T,R,R,B,B,C,C,C,C,C,C,C,C,C,C,C,C,C,Z,Z,Z,Z,Z,Z,Z,Z,Z,Z,Z,H,P,P,P,W,N,N,N,J,B,J,J,N,N,N,N,N,G,G,G,G,G,G,G,G,G,Q,Q,Q,B,B,B,B,B,B,B,B,B,K,K,K,K,K,K,K,K,K,K,A,A,A,A,Y,Y,A,A,K
S,S,S,F,F,F,M,M,M,M,Z,Z,Z,Z,Z,Z,Z,Z,C,C,C,X,X,X,X,X,X,X,X,F,F,F,F,T,T,J,T,T,B,B,B,B,B,B,B,B,X,X,X,T,T,T,T,T,B,B,B,B,C,C,C,C,C,C,C,C,C,C,C,C,C,C,Z,Z,Z,Z,Z,Z,Z,P,P,P,P,P,P,Y,P,P,P,N,N,N,N,J,J,N,N,N,N,N,G,G,G,G,G,G,G,G,G,G,Q,Q,Q,B,B,B,B,B,B,B,B,B,B,B,B,C,B,B,A,A,A,A,A,A,A,Y,Y,A,A,K
S,S,S,F,F,F,F,M,M,M,Z,Z,Z,Z,Z,Z,Z,Z,C,C,C,Z,Z,Z,Z,Z,Z,Z,Z,Z,F,F,F,F,T,T,Y,T,Y,T,T,X,X,X,X,X,X,X,T,T,T,T,T,T,T,B,B,B,B,C,C,C,C,C,C,C,C,C,C,C,C,C,Z,Z,N,N,N,N,N,N,N,N,N,P,P,P,P,P,N,N,N,N,N,J,J,J,N,N,N,G,F,G,G,G,G,G,G,G,G,G,G,Q,B,B,B,B,B,B,B,B,B,B,B,B,B,B,B,Z,Z,A,A,A,A,A,A,A,A,A,A,A
N,N,S,S,M,M,M,M,M,M,Z,Z,Z,Z,Z,Z,Z,Z,Z,Z,Z,Z,Z,Z,Z,Z,Z,Z,Z,Z,F,F,F,F,U,U,Y,Y,Y,T,T,X,X,X,X,X,X,X,T,T,T,T,T,T,T,B,B,B,B,B,C,C,C,C,C,C,C,C,C,C,C,C,Z,Z,N,N,N,N,N,N,N,N,N,N,N,N,N,N,P,P,N,N,N,N,N,N,N,N,N,G,G,G,G,G,G,G,C,G,G,G,G,Q,B,B,B,B,B,B,B,B,B,B,B,B,B,B,B,Z,Z,Q,Q,A,A,A,A,A,A,A,T,T
N,N,N,N,B,M,M,M,M,M,Z,Z,Z,Z,Z,Z,Z,Z,Z,Z,Z,Z,Z,Z,Z,Z,Z,Z,Z,Z,U,U,U,F,U,U,U,U,O,T,T,X,O,O,O,X,X,T,T,T,T,T,T,T,B,B,B,B,B,C,C,C,C,C,C,C,C,C,C,C,Z,Z,Z,Z,N,N,N,N,N,N,N,N,N,N,N,N,N,N,P,N,N,N,N,N,N,N,N,N,N,G,G,G,G,G,G,C,C,C,G,G,G,Q,Q,L,B,B,B,B,B,B,B,B,B,B,B,B,B,Z,Z,Q,Q,A,X,A,A,A,A,A,A,A
N,N,N,B,B,M,X,M,M,M,Z,Z,Z,Z,Z,Z,Z,Z,Z,Z,Z,Z,C,C,C,C,U,U,U,U,U,U,U,E,U,U,U,U,O,O,O,O,O,O,X,X,X,T,T,T,T,T,T,T,T,G,B,B,B,B,F,F,C,C,S,S,S,S,C,C,U,Z,Z,Z,N,N,N,N,N,N,N,N,N,N,N,N,N,N,P,N,N,N,N,N,N,N,N,N,N,N,G,G,C,R,G,G,C,G,G,G,Q,Q,Q,L,L,B,B,B,B,B,B,B,B,B,B,B,Z,Z,Z,Q,Q,Q,A,A,A,A,A,A,G,G
B,B,N,N,B,B,X,X,M,M,D,M,M,Z,Z,Z,Z,Z,Z,Z,Z,Z,C,C,C,C,U,U,U,U,U,U,U,U,U,U,U,U,O,O,O,O,O,O,T,T,T,T,T,T,T,T,T,B,B,B,B,B,B,B,B,F,C,C,S,S,S,S,S,C,Z,Z,Z,Z,N,N,N,N,N,N,N,N,N,N,N,N,N,N,E,E,E,N,N,N,N,N,N,N,N,N,N,N,C,C,C,C,C,C,C,L,L,L,L,L,L,L,B,B,B,B,B,B,B,B,B,B,Z,Z,Z,Q,Q,Q,Q,Q,Q,A,A,L,L,G
B,B,B,B,B,B,X,X,X,M,D,M,M,Z,Z,Z,Z,Z,Z,Z,Z,Z,C,C,C,C,U,U,U,U,U,U,U,U,U,U,U,O,O,O,O,O,O,O,T,T,T,T,T,T,T,T,T,B,T,B,T,T,T,F,F,F,F,F,V,S,S,S,S,S,Z,Z,Z,Z,N,N,N,N,N,N,N,N,N,N,N,N,N,N,C,E,E,N,N,E,E,E,E,N,N,N,N,C,C,C,C,C,C,C,C,L,L,L,L,L,L,L,L,L,B,B,B,B,B,B,B,B,Z,Z,Z,Q,Q,Q,Q,Q,Q,Q,Q,L,L,G
B,B,B,B,B,B,B,D,D,D,D,D,D,Z,Z,Z,Z,Z,Z,Z,Z,Z,C,C,C,C,U,U,U,U,U,U,U,U,U,U,U,O,O,O,O,O,O,O,T,T,T,T,T,T,T,T,T,T,T,T,T,T,T,T,F,F,F,F,V,S,S,S,S,S,S,S,Q,Q,N,N,N,N,N,N,N,N,N,N,N,N,N,N,C,E,E,E,D,E,E,E,N,N,N,Z,N,N,C,C,C,C,C,C,C,C,L,L,L,L,L,L,L,L,B,B,B,B,B,Z,Z,Z,Z,Z,Z,Q,Q,Q,Q,Q,Q,L,Q,L,L,L
B,B,B,B,B,D,D,D,O,D,D,D,I,Z,Z,Z,Z,Z,Z,Z,Z,Z,C,C,C,C,C,U,U,U,U,U,U,U,U,U,U,O,O,O,O,O,O,T,T,T,T,T,T,T,T,T,T,T,T,T,T,T,F,F,F,F,F,F,V,V,V,V,V,Q,Q,Q,Q,Q,N,N,N,Q,C,N,N,N,N,N,N,N,N,N,E,E,E,E,E,E,E,E,N,N,N,Z,Z,N,C,C,C,C,C,C,C,C,C,C,L,L,L,L,L,L,B,B,B,B,B,Z,Z,Z,Z,Z,U,U,Q,Q,Q,Q,Q,L,L,L,L,L
B,B,B,B,B,B,B,D,D,D,T,S,I,S,S,Z,Z,Z,Z,Z,Z,C,C,C,C,C,U,U,U,U,U,U,U,U,U,U,U,U,O,O,O,O,O,T,T,T,T,T,T,T,T,T,W,T,W,T,T,T,F,F,F,F,F,F,V,V,V,V,V,G,Q,Q,Q,Q,N,N,N,Q,Q,N,N,N,N,N,N,N,N,N,E,E,E,E,E,E,E,E,N,N,Z,Z,Z,Z,C,C,C,C,C,C,C,C,C,C,L,L,L,L,L,L,L,B,B,B,B,Z,U,Z,U,U,U,U,U,Q,Q,Q,N,L,L,L,L,L
B,B,B,B,B,B,B,D,D,D,D,S,S,S,S,Z,Z,Z,Z,Z,Z,C,C,C,C,C,U,U,U,U,U,U,U,U,U,U,U,U,O,O,O,O,O,M,M,M,M,T,T,T,T,S,W,W,W,W,T,T,F,F,F,F,F,F,F,V,V,V,V,V,Q,Q,Q,Q,N,N,N,Q,Q,N,N,N,N,N,N,N,N,N,E,E,E,E,E,E,E,E,Z,Z,Z,Z,C,C,C,C,C,C,C,C,C,C,C,C,L,L,L,L,L,L,U,U,B,U,U,U,U,U,U,U,U,U,U,F,Q,Q,Q,Q,L,L,L,L
B,B,B,B,B,B,B,B,D,D,D,S,S,S,C,Z,Z,Z,Z,Z,Z,C,C,C,C,C,V,R,R,U,U,U,U,U,U,U,U,M,M,M,O,O,O,M,M,M,M,T,T,T,W,S,W,W,F,F,F,F,F,F,F,F,F,F,F,V,V,V,V,V,Q,Q,Q,Q,N,N,N,Q,Q,Q,Q,C,C,E,E,E,E,E,E,E,E,E,E,E,E,E,E,Z,Z,Z,C,C,C,C,C,C,C,C,C,C,C,C,C,L,L,L,L,L,U,U,U,U,U,U,U,U,U,U,U,U,F,F,Q,F,F,L,L,L,O,O
Y,B,B,B,B,B,B,B,Y,D,Y,S,S,S,S,Z,Z,Z,C,C,C,C,C,C,C,R,R,R,R,R,U,U,U,U,U,U,U,M,M,M,M,M,M,M,M,M,M,M,M,F,W,W,W,W,F,W,W,F,W,F,W,W,F,F,V,V,V,V,V,V,V,Q,Q,Q,Q,Q,Q,Q,Q,Q,Q,Q,C,C,C,C,E,E,E,E,E,E,E,E,E,E,E,Z,Z,Z,C,C,C,C,C,C,C,C,C,C,C,C,C,L,L,L,L,L,U,U,U,U,U,U,U,U,U,U,U,U,F,F,F,F,F,F,F,Z,Z,O
Y,Y,B,B,B,B,B,B,Y,Y,Y,Y,S,S,S,Z,Z,Z,R,C,A,C,C,C,C,R,R,R,R,R,U,U,U,U,U,U,U,M,M,M,M,M,M,M,M,M,M,M,M,F,W,W,W,W,W,W,W,W,W,W,W,W,F,F,F,V,V,V,V,V,V,Q,Q,Q,Q,Q,Q,Q,Q,Q,Q,Q,Q,C,C,C,C,C,C,C,E,E,E,E,E,E,E,Z,Z,Z,C,C,V,C,C,C,C,C,C,C,C,C,C,C,L,L,U,U,C,U,U,U,U,U,U,U,U,U,U,U,F,F,F,F,F,F,F,Z,Z,Z
Y,Y,B,B,B,B,Y,B,Y,Y,Y,S,S,S,S,S,S,R,R,C,A,C,C,R,R,R,R,R,R,R,U,U,U,U,U,U,M,M,M,M,M,M,M,M,M,M,M,M,M,F,F,F,W,W,W,W,W,W,W,W,W,W,F,F,V,V,V,V,V,V,V,M,Q,Q,Q,Q,Q,Q,Q,Q,Q,Q,Q,C,C,C,C,C,C,C,E,E,E,E,E,E,E,Z,Z,Z,C,Z,V,V,V,C,C,V,V,C,C,V,V,O,O,L,U,U,C,U,U,U,U,U,U,U,U,U,U,U,F,F,F,F,F,F,F,Z,Z,Z
Y,Y,Y,B,Y,Y,Y,Y,Y,Y,Y,Y,S,S,S,R,S,R,R,R,R,R,R,R,R,R,R,R,R,R,U,W,Z,Z,Z,M,M,M,M,M,M,M,M,M,M,M,M,M,M,F,F,F,W,W,W,W,W,W,W,W,W,F,F,F,V,V,V,R,R,R,M,M,Q,Q,Q,Q,Q,Q,Q,Q,Q,Q,C,C,C,D,C,C,D,C,E,E,E,E,E,Z,Z,Z,Z,Z,Z,Z,Z,V,V,V,V,E,V,V,V,V,V,C,C,C,U,C,C,C,U,U,U,U,U,U,U,U,F,F,F,F,Z,F,F,F,Z,Z,Z,Z
Y,Y,Y,Y,Y,Y,S,S,Y,Y,Y,Y,S,S,R,R,R,R,R,R,R,R,R,R,J,R,R,J,R,R,R,R,R,Z,Z,M,M,M,M,M,M,M,M,M,M,M,M,M,M,F,F,F,F,W,W,W,W,W,W,W,W,W,F,F,F,R,R,R,R,R,R,R,G,Q,Q,Q,Q,Q,Q,Q,Q,Q,Q,C,C,D,D,D,D,D,D,E,E,E,E,Z,Z,Z,Z,Z,Z,Z,V,V,V,V,V,V,V,V,V,V,C,C,C,C,U,C,C,U,U,U,U,U,U,U,U,U,F,F,F,F,Z,Z,Z,F,Z,Z,Z,Z
Y,Y,Y,S,S,W,S,S,Y,Y,Y,Y,S,S,R,R,R,R,R,R,R,R,J,J,J,P,J,J,R,R,Z,Z,Z,Z,Z,Z,Z,Z,M,M,M,M,M,M,M,M,M,Q,M,F,F,F,F,W,W,W,W,W,W,W,W,F,F,F,R,R,R,R,R,R,E,E,Q,Q,Q,Q,Q,Q,Q,Q,Q,Q,Q,D,D,D,D,D,D,D,D,D,E,Z,Z,Z,Z,Z,Z,Z,Z,Z,V,V,V,V,V,V,V,V,V,I,C,C,C,C,U,C,C,C,U,U,U,U,U,U,B,B,B,F,Z,Z,Z,Z,Z,Z,Z,Z,Z,Z
Y,Y,Y,Y,S,S,S,S,S,S,S,S,S,S,R,R,R,R,R,R,R,R,D,J,J,J,J,J,J,Z,Z,Z,Z,Z,Z,Z,Z,Z,M,M,M,M,M,M,M,M,M,M,M,M,M,M,F,F,F,W,W,W,W,W,W,F,F,F,R,R,R,R,R,R,R,E,Q,Q,Q,Q,P,P,Q,Q,Q,Q,Q,Q,D,D,D,D,D,D,D,D,Z,Z,Z,Z,Z,Z,Z,Z,Z,Z,Z,V,V,V,V,V,V,V,V,I,I,C,C,C,C,C,C,S,U,U,U,U,U,U,U,U,Z,Z,Z,Z,Z,Z,Z,Z,Z,Z,Z,Z
Y,Y,Y,Y,S,S,S,S,S,S,S,S,S,S,S,R,R,R,W,R,R,R,D,J,J,J,J,J,J,Z,Z,Z,Z,Z,Z,Z,Z,Z,Z,Z,Z,M,M,M,M,M,M,K,O,F,F,F,F,F,F,F,W,W,W,W,F,F,R,R,R,R,R,R,R,R,P,P,P,Q,Q,Q,P,P,P,Q,Q,Q,Q,Q,D,D,D,D,D,D,D,H,Z,Z,Z,Z,Z,Z,Z,Z,Z,V,V,V,V,V,V,V,V,I,I,I,I,C,S,S,S,U,S,S,S,S,U,S,U,U,U,Z,Z,Z,Z,Z,Z,Z,Z,Z,Z,Z,Z,Z
Y,Y,Y,Y,S,S,S,S,S,C,C,Q,Q,Q,S,S,S,S,W,W,R,Y,J,J,J,J,J,J,H,Z,Z,Z,Z,Z,Z,Z,Z,Z,Z,Z,Z,M,M,M,M,M,M,K,O,F,F,F,F,F,F,F,F,W,W,W,F,R,R,R,R,R,R,R,R,R,R,R,P,P,Q,P,P,P,P,P,Q,Q,D,D,D,D,D,D,D,D,H,H,H,Z,Z,Z,Z,Z,Z,Z,Z,V,V,V,V,V,V,V,V,V,V,I,I,S,S,S,S,S,S,S,S,S,S,S,S,Z,R,R,Z,Z,Z,Z,Z,Z,Z,Z,Z,Z,Z,Z
Y,Y,Y,Y,S,S,S,S,S,Q,C,Q,Q,Q,S,S,Z,Z,Z,Z,J,J,J,J,J,J,J,J,J,S,Z,Z,Z,Z,Z,Z,Z,Z,Z,Z,Z,M,M,M,M,Q,Q,O,O,O,O,O,F,F,F,F,F,F,F,F,R,R,R,R,R,R,R,R,R,R,R,R,P,P,P,P,P,P,P,P,P,Q,D,D,D,D,D,D,D,D,D,D,H,W,M,M,Z,Z,Z,Z,Z,V,V,V,V,V,V,V,V,V,I,I,I,S,S,S,S,S,S,S,S,S,S,S,S,Z,Z,Z,Z,Z,Z,Z,Z,Z,Z,Z,Z,Z,Z,Z
Y,Y,Y,Y,Y,S,S,S,S,Q,Q,Q,Q,Q,Z,Z,Z,Z,Z,Z,M,J,J,C,J,J,J,J,J,J,J,Z,Z,Z,Z,Z,Z,Z,Z,Z,Z,M,M,R,M,Q,Q,Q,Q,O,O,O,O,O,O,F,F,F,F,R,R,R,R,R,R,R,R,R,R,R,R,R,P,P,P,P,P,P,P,P,T,W,D,D,D,W,N,N,D,W,W,W,W,W,M,M,Z,Z,Z,Z,Z,V,V,V,V,V,V,V,V,V,I,I,I,I,S,S,S,S,S,S,S,S,S,S,S,S,J,Z,Z,Z,Z,Z,Z,Z,Z,Z,Z,Z,Z,Z
Y,Y,Y,Y,Y,Y,S,Y,S,Q,Q,Q,Q,Q,Q,Z,Z,Z,Z,Z,Z,Z,C,C,Z,J,J,J,J,Z,Z,Z,Z,Z,Z,Z,Z,Z,Z,Z,Z,Z,Z,R,R,O,O,O,O,O,O,O,O,O,F,F,F,R,R,R,R,R,R,R,R,R,R,R,R,R,R,R,P,P,P,P,P,P,P,T,T,W,W,W,W,W,W,W,W,W,W,W,W,M,M,M,M,M,Z,Z,S,H,H,H,V,V,V,V,I,I,I,I,I,I,I,I,S,S,S,S,S,S,S,S,S,S,S,Z,Z,Z,Z,Z,Z,Z,Z,Z,Z,Z,Z,Z
Y,Y,Y,Y,Y,Y,Y,Y,Y,Y,Q,Q,Q,Q,Q,Q,Z,Z,Z,Z,Z,Z,Z,Z,Z,B,J,J,J,Z,Z,Z,Z,Z,Z,Z,Z,Z,Z,Z,A,Z,Z,Z,R,O,O,D,O,O,O,O,O,O,O,O,F,F,R,R,R,R,R,R,R,R,R,R,R,P,R,R,R,R,P,P,P,P,P,T,W,Y,W,W,W,W,W,W,W,W,W,W,W,W,W,M,M,M,M,Z,Z,H,H,H,V,H,H,V,I,I,I,I,I,I,I,S,S,S,S,S,S,S,S,S,H,H,H,S,E,Z,Z,Z,Z,Z,Z,Z,Z,Z,Z,Z
Y,Y,Y,Y,Y,Y,Q,Q,Q,Q,Q,Q,Q,Q,Q,Q,Q,Z,Z,Z,Z,D,Z,Z,D,D,D,C,Z,Z,Z,Z,Z,Z,Z,Z,Z,Z,Z,Z,A,Z,R,R,R,O,O,O,O,O,O,O,O,O,O,O,F,F,F,F,R,R,R,R,R,R,R,R,R,P,R,P,P,P,P,P,P,P,T,T,W,W,W,W,W,W,W,W,W,W,W,W,W,W,E,E,E,E,M,M,Z,Z,H,H,H,H,H,H,I,I,I,I,I,I,S,S,S,S,S,S,S,S,S,S,H,S,S,S,E,Z,Z,Z,Z,Z,E,E,Z,Z,Z,Z
Y,Y,Y,Y,Y,Y,Y,Q,Q,Q,Q,Q,Q,Q,Q,Z,Z,Z,Z,Z,D,D,D,D,D,D,D,D,Z,Z,Z,Z,Z,Z,Z,Z,Z,Z,Z,Z,Z,Z,R,O,R,O,O,O,O,O,O,O,O,O,O,S,F,F,F,F,F,F,R,R,R,R,R,P,P,P,P,P,P,P,P,P,P,T,T,W,W,W,W,W,W,W,W,W,W,W,W,W,W,W,W,E,E,E,M,M,Z,H,H,H,H,H,H,H,I,I,I,I,I,I,S,S,S,S,S,S,S,S,S,S,S,S,S,S,E,E,E,E,Z,E,E,E,Z,Z,Z,Z
Y,Y,Y,Y,Y,Y,Y,Y,Y,Q,Q,M,Q,Q,Y,R,R,Z,Z,D,D,D,D,D,D,D,D,D,Z,Z,Z,Z,Z,Z,Z,Z,R,R,R,R,R,R,R,O,O,O,O,O,O,O,O,O,O,O,O,S,F,F,F,F,F,F,P,R,R,R,R,R,P,P,P,P,P,P,P,P,P,T,W,W,W,W,W,W,W,W,W,W,W,W,W,W,W,W,W,E,E,M,M,M,M,H,H,H,H,H,H,I,I,I,I,I,I,I,S,S,S,S,S,S,S,S,S,S,S,S,S,S,E,E,E,Z,Z,E,E,E,E,E,Z,E
Y,Y,Y,Y,Y,Y,Y,Y,Y,Y,Y,Q,Q,Q,Y,R,R,Z,Z,D,D,D,D,D,D,D,D,D,M,Z,Z,Z,Z,O,Z,R,R,R,R,R,R,O,O,O,O,O,O,O,O,O,O,O,O,O,O,F,F,F,F,F,F,P,P,P,P,R,R,P,P,P,P,P,P,P,P,P,P,T,W,W,W,W,W,W,W,W,W,W,W,W,W,W,W,M,M,E,M,M,H,H,H,H,H,H,H,H,H,I,I,I,I,I,I,S,S,S,S,S,S,S,S,S,S,S,S,S,S,S,E,E,E,E,E,E,E,E,E,E,E,E
Y,Y,Y,Y,Y,Y,Y,Y,Y,Y,Y,Y,Y,Y,Y,Y,Y,Y,Y,D,D,D,D,D,D,D,D,D,M,Z,Z,Z,Z,Z,R,R,R,R,R,R,R,O,O,O,O,O,O,O,O,O,O,O,O,O,E,E,E,F,F,F,F,P,P,P,P,P,P,P,P,P,P,P,P,P,P,P,P,W,W,W,W,W,W,W,W,W,W,W,W,W,W,W,W,M,M,M,M,M,M,H,H,H,H,H,H,H,H,I,I,I,I,I,I,S,S,S,S,S,S,S,S,S,S,S,S,S,S,E,E,E,E,E,E,E,E,E,E,E,E,E
Y,Y,Y,Y,Y,Y,Y,Y,Y,Y,Y,Y,Y,Y,Y,Y,Y,Y,Y,C,D,D,D,D,D,D,D,D,Z,Z,Z,Z,Z,Z,R,R,R,R,R,R,R,R,R,O,O,O,O,O,O,O,O,O,O,O,E,E,E,E,F,P,P,P,P,P,P,P,P,P,P,P,P,P,P,P,P,P,W,W,W,W,W,W,W,W,W,W,W,W,W,W,M,M,M,M,M,M,M,M,M,H,H,H,H,H,H,H,I,I,I,I,I,I,I,S,S,S,S,S,S,S,S,S,S,S,G,S,S,S,E,E,E,E,E,E,E,E,E,E,E,E